database_1,database_2,peptides_database_1,peptides_database_2,shared_peptides,union_peptides,jaccard
Ensembl-Human-GRCh37.pep.all.fasta,Ensembl-Human-GRCh37.pep.all.fasta,2759262,2759262,2759262,2759262,1.00000000
Ensembl-Human-GRCh37.pep.all.fasta,Ensembl-Human-GRCh38.pep.all.fasta,2759262,2828515,2672333,2915444,0.91661270
Ensembl-Human-GRCh37.pep.all.fasta,Ensembl-Human-T2T_GCA_009914755.4-2022_07-pep.fasta,2759262,2792073,2628858,2922477,0.89953077
Ensembl-Human-GRCh37.pep.all.fasta,NCBI-Human-ASM2283312v2-Celera2005.fasta,2759262,2704638,2250569,3213331,0.70038505
Ensembl-Human-GRCh37.pep.all.fasta,NCBI-Human-Hopkins2022-06-Ash1_v2.2.fasta,2759262,2680272,2554277,2885257,0.88528578
Ensembl-Human-GRCh37.pep.all.fasta,NCBI-RefSeq-Human-GRCh38.p14-GCF_000001405.40-2022-02-03.fasta,2759262,2724291,2471709,3011844,0.82066302
Ensembl-Human-GRCh37.pep.all.fasta,NCBI_RefSeq-Human-T2T-CHM13v2.0-T2T-GCF_009914755.1-2022-01-24.fasta,2759262,2733913,2466841,3026334,0.81512516
Ensembl-Human-GRCh37.pep.all.fasta,Pangenome-HPRC-Human-GCA_018466835.1-Barbados-2022_07-pep.fasta,2759262,2784679,2613708,2930233,0.89197958
Ensembl-Human-GRCh37.pep.all.fasta,Pangenome-HPRC-Human-GCA_018469405.1-Columbia-2022_07-pep.fasta,2759262,2783441,2618999,2923704,0.89578117
Ensembl-Human-GRCh37.pep.all.fasta,Pangenome-HPRC-Human-GCA_018469415.1-Nigeria-2022_07-pep.fasta,2759262,2784252,2614066,2929448,0.89234081
Ensembl-Human-GRCh37.pep.all.fasta,Pangenome-HPRC-Human-GCA_018472565.1-HanChineseSouth-2022_08-pep.fasta,2759262,2787238,2620867,2925633,0.89582904
Ensembl-Human-GRCh37.pep.all.fasta,Pangenome-HPRC-Human-GCA_018504055.1-Vietnam-2022_07-pep.fasta,2759262,2783481,2617773,2924970,0.89497431
Ensembl-Human-GRCh37.pep.all.fasta,Pangenome-HPRC-Human-GCA_018504625.1-swUSA-2022_07-pep.fasta,2759262,2785067,2614441,2929888,0.89233479
Ensembl-Human-GRCh37.pep.all.fasta,Pangenome-HPRC-Human-GCA_018505835.1-Pakistan-2022_07-pep.fasta,2759262,2691871,2534021,2917112,0.86867457
Ensembl-Human-GRCh37.pep.all.fasta,Pangenome-HPRC-Human-GCA_018852605.1-Caucasian-2022_07-pep.fasta,2759262,2694256,2539065,2914453,0.87119779
Ensembl-Human-GRCh37.pep.all.fasta,UniProt-Human-UP000005640_canonical-2023_05.fasta,2759262,2402417,2345693,2815986,0.83299171
Ensembl-Human-GRCh37.pep.all.fasta,UniProt_Human_9606_SP-Tr-2023_05.fasta,2759262,3471747,2650210,3580799,0.74011694
Ensembl-Human-GRCh37.pep.all.fasta,UniProt_Human_9606_SP-iso_2023_05.fasta,2759262,2542314,2461283,2840293,0.86655954
Ensembl-Human-GRCh37.pep.all.fasta,UniProt_Human_9606_SP_2023_05.fasta,2759262,2400476,2345387,2814351,0.83336691
Ensembl-Human-GRCh37.pep.all.fasta,UniProt_Human_UP000005640_All_2023_05.fasta,2759262,2794482,2616979,2936765,0.89110944
Ensembl-Human-GRCh37.pep.all.fasta,nextprot_Human-all-peff-2023-09-11.fasta,2759262,2540277,2461266,2838273,0.86717028
Ensembl-Human-GRCh38.pep.all.fasta,Ensembl-Human-GRCh37.pep.all.fasta,2828515,2759262,2672333,2915444,0.91661270
Ensembl-Human-GRCh38.pep.all.fasta,Ensembl-Human-GRCh38.pep.all.fasta,2828515,2828515,2828515,2828515,1.00000000
Ensembl-Human-GRCh38.pep.all.fasta,Ensembl-Human-T2T_GCA_009914755.4-2022_07-pep.fasta,2828515,2792073,2734115,2886473,0.94721655
Ensembl-Human-GRCh38.pep.all.fasta,NCBI-Human-ASM2283312v2-Celera2005.fasta,2828515,2704638,2253283,3279870,0.68700375
Ensembl-Human-GRCh38.pep.all.fasta,NCBI-Human-Hopkins2022-06-Ash1_v2.2.fasta,2828515,2680272,2619643,2889144,0.90671943
Ensembl-Human-GRCh38.pep.all.fasta,NCBI-RefSeq-Human-GRCh38.p14-GCF_000001405.40-2022-02-03.fasta,2828515,2724291,2522223,3030583,0.83225670
Ensembl-Human-GRCh38.pep.all.fasta,NCBI_RefSeq-Human-T2T-CHM13v2.0-T2T-GCF_009914755.1-2022-01-24.fasta,2828515,2733913,2516326,3046102,0.82608068
Ensembl-Human-GRCh38.pep.all.fasta,Pangenome-HPRC-Human-GCA_018466835.1-Barbados-2022_07-pep.fasta,2828515,2784679,2718202,2894992,0.93893247
Ensembl-Human-GRCh38.pep.all.fasta,Pangenome-HPRC-Human-GCA_018469405.1-Columbia-2022_07-pep.fasta,2828515,2783441,2723883,2888073,0.94314894
Ensembl-Human-GRCh38.pep.all.fasta,Pangenome-HPRC-Human-GCA_018469415.1-Nigeria-2022_07-pep.fasta,2828515,2784252,2718622,2894145,0.93935238
Ensembl-Human-GRCh38.pep.all.fasta,Pangenome-HPRC-Human-GCA_018472565.1-HanChineseSouth-2022_08-pep.fasta,2828515,2787238,2725890,2889863,0.94325925
Ensembl-Human-GRCh38.pep.all.fasta,Pangenome-HPRC-Human-GCA_018504055.1-Vietnam-2022_07-pep.fasta,2828515,2783481,2722232,2889764,0.94202572
Ensembl-Human-GRCh38.pep.all.fasta,Pangenome-HPRC-Human-GCA_018504625.1-swUSA-2022_07-pep.fasta,2828515,2785067,2719008,2894574,0.93934652
Ensembl-Human-GRCh38.pep.all.fasta,Pangenome-HPRC-Human-GCA_018505835.1-Pakistan-2022_07-pep.fasta,2828515,2691871,2633262,2887124,0.91207097
Ensembl-Human-GRCh38.pep.all.fasta,Pangenome-HPRC-Human-GCA_018852605.1-Caucasian-2022_07-pep.fasta,2828515,2694256,2638463,2884308,0.91476465
Ensembl-Human-GRCh38.pep.all.fasta,UniProt-Human-UP000005640_canonical-2023_05.fasta,2828515,2402417,2366126,2864806,0.82592888
Ensembl-Human-GRCh38.pep.all.fasta,UniProt_Human_9606_SP-Tr-2023_05.fasta,2828515,3471747,2765922,3534340,0.78258515
Ensembl-Human-GRCh38.pep.all.fasta,UniProt_Human_9606_SP-iso_2023_05.fasta,2828515,2542314,2472402,2898427,0.85301510
Ensembl-Human-GRCh38.pep.all.fasta,UniProt_Human_9606_SP_2023_05.fasta,2828515,2400476,2363300,2865691,0.82468766
Ensembl-Human-GRCh38.pep.all.fasta,UniProt_Human_UP000005640_All_2023_05.fasta,2828515,2794482,2754044,2868953,0.95994741
Ensembl-Human-GRCh38.pep.all.fasta,nextprot_Human-all-peff-2023-09-11.fasta,2828515,2540277,2470329,2898463,0.85228930
Ensembl-Human-T2T_GCA_009914755.4-2022_07-pep.fasta,Ensembl-Human-GRCh37.pep.all.fasta,2792073,2759262,2628858,2922477,0.89953077
Ensembl-Human-T2T_GCA_009914755.4-2022_07-pep.fasta,Ensembl-Human-GRCh38.pep.all.fasta,2792073,2828515,2734115,2886473,0.94721655
Ensembl-Human-T2T_GCA_009914755.4-2022_07-pep.fasta,Ensembl-Human-T2T_GCA_009914755.4-2022_07-pep.fasta,2792073,2792073,2792073,2792073,1.00000000
Ensembl-Human-T2T_GCA_009914755.4-2022_07-pep.fasta,NCBI-Human-ASM2283312v2-Celera2005.fasta,2792073,2704638,2242477,3254234,0.68909519
Ensembl-Human-T2T_GCA_009914755.4-2022_07-pep.fasta,NCBI-Human-Hopkins2022-06-Ash1_v2.2.fasta,2792073,2680272,2625162,2847183,0.92202082
Ensembl-Human-T2T_GCA_009914755.4-2022_07-pep.fasta,NCBI-RefSeq-Human-GRCh38.p14-GCF_000001405.40-2022-02-03.fasta,2792073,2724291,2473943,3042421,0.81314946
Ensembl-Human-T2T_GCA_009914755.4-2022_07-pep.fasta,NCBI_RefSeq-Human-T2T-CHM13v2.0-T2T-GCF_009914755.1-2022-01-24.fasta,2792073,2733913,2489096,3036890,0.81962007
Ensembl-Human-T2T_GCA_009914755.4-2022_07-pep.fasta,Pangenome-HPRC-Human-GCA_018466835.1-Barbados-2022_07-pep.fasta,2792073,2784679,2733078,2843674,0.96110806
Ensembl-Human-T2T_GCA_009914755.4-2022_07-pep.fasta,Pangenome-HPRC-Human-GCA_018469405.1-Columbia-2022_07-pep.fasta,2792073,2783441,2741622,2833892,0.96744054
Ensembl-Human-T2T_GCA_009914755.4-2022_07-pep.fasta,Pangenome-HPRC-Human-GCA_018469415.1-Nigeria-2022_07-pep.fasta,2792073,2784252,2731886,2844439,0.96043051
Ensembl-Human-T2T_GCA_009914755.4-2022_07-pep.fasta,Pangenome-HPRC-Human-GCA_018472565.1-HanChineseSouth-2022_08-pep.fasta,2792073,2787238,2742942,2836369,0.96706106
Ensembl-Human-T2T_GCA_009914755.4-2022_07-pep.fasta,Pangenome-HPRC-Human-GCA_018504055.1-Vietnam-2022_07-pep.fasta,2792073,2783481,2739187,2836367,0.96573786
Ensembl-Human-T2T_GCA_009914755.4-2022_07-pep.fasta,Pangenome-HPRC-Human-GCA_018504625.1-swUSA-2022_07-pep.fasta,2792073,2785067,2734380,2842760,0.96187508
Ensembl-Human-T2T_GCA_009914755.4-2022_07-pep.fasta,Pangenome-HPRC-Human-GCA_018505835.1-Pakistan-2022_07-pep.fasta,2792073,2691871,2649275,2834669,0.93459765
Ensembl-Human-T2T_GCA_009914755.4-2022_07-pep.fasta,Pangenome-HPRC-Human-GCA_018852605.1-Caucasian-2022_07-pep.fasta,2792073,2694256,2655504,2830825,0.93806717
Ensembl-Human-T2T_GCA_009914755.4-2022_07-pep.fasta,UniProt-Human-UP000005640_canonical-2023_05.fasta,2792073,2402417,2327694,2866796,0.81194965
Ensembl-Human-T2T_GCA_009914755.4-2022_07-pep.fasta,UniProt_Human_9606_SP-Tr-2023_05.fasta,2792073,3471747,2693386,3570434,0.75435815
Ensembl-Human-T2T_GCA_009914755.4-2022_07-pep.fasta,UniProt_Human_9606_SP-iso_2023_05.fasta,2792073,2542314,2433303,2901084,0.83875648
Ensembl-Human-T2T_GCA_009914755.4-2022_07-pep.fasta,UniProt_Human_9606_SP_2023_05.fasta,2792073,2400476,2326259,2866290,0.81159234
Ensembl-Human-T2T_GCA_009914755.4-2022_07-pep.fasta,UniProt_Human_UP000005640_All_2023_05.fasta,2792073,2794482,2670402,2916153,0.91572767
Ensembl-Human-T2T_GCA_009914755.4-2022_07-pep.fasta,nextprot_Human-all-peff-2023-09-11.fasta,2792073,2540277,2431458,2900892,0.83817598
NCBI-Human-ASM2283312v2-Celera2005.fasta,Ensembl-Human-GRCh37.pep.all.fasta,2704638,2759262,2250569,3213331,0.70038505
NCBI-Human-ASM2283312v2-Celera2005.fasta,Ensembl-Human-GRCh38.pep.all.fasta,2704638,2828515,2253283,3279870,0.68700375
NCBI-Human-ASM2283312v2-Celera2005.fasta,Ensembl-Human-T2T_GCA_009914755.4-2022_07-pep.fasta,2704638,2792073,2242477,3254234,0.68909519
NCBI-Human-ASM2283312v2-Celera2005.fasta,NCBI-Human-ASM2283312v2-Celera2005.fasta,2704638,2704638,2704638,2704638,1.00000000
NCBI-Human-ASM2283312v2-Celera2005.fasta,NCBI-Human-Hopkins2022-06-Ash1_v2.2.fasta,2704638,2680272,2225268,3159642,0.70427852
NCBI-Human-ASM2283312v2-Celera2005.fasta,NCBI-RefSeq-Human-GRCh38.p14-GCF_000001405.40-2022-02-03.fasta,2704638,2724291,2239759,3189170,0.70230154
NCBI-Human-ASM2283312v2-Celera2005.fasta,NCBI_RefSeq-Human-T2T-CHM13v2.0-T2T-GCF_009914755.1-2022-01-24.fasta,2704638,2733913,2243589,3194962,0.70222713
NCBI-Human-ASM2283312v2-Celera2005.fasta,Pangenome-HPRC-Human-GCA_018466835.1-Barbados-2022_07-pep.fasta,2704638,2784679,2229391,3259926,0.68387779
NCBI-Human-ASM2283312v2-Celera2005.fasta,Pangenome-HPRC-Human-GCA_018469405.1-Columbia-2022_07-pep.fasta,2704638,2783441,2234915,3253164,0.68699734
NCBI-Human-ASM2283312v2-Celera2005.fasta,Pangenome-HPRC-Human-GCA_018469415.1-Nigeria-2022_07-pep.fasta,2704638,2784252,2228908,3259982,0.68371789
NCBI-Human-ASM2283312v2-Celera2005.fasta,Pangenome-HPRC-Human-GCA_018472565.1-HanChineseSouth-2022_08-pep.fasta,2704638,2787238,2236055,3255821,0.68678684
NCBI-Human-ASM2283312v2-Celera2005.fasta,Pangenome-HPRC-Human-GCA_018504055.1-Vietnam-2022_07-pep.fasta,2704638,2783481,2232715,3255404,0.68584882
NCBI-Human-ASM2283312v2-Celera2005.fasta,Pangenome-HPRC-Human-GCA_018504625.1-swUSA-2022_07-pep.fasta,2704638,2785067,2230352,3259353,0.68429286
NCBI-Human-ASM2283312v2-Celera2005.fasta,Pangenome-HPRC-Human-GCA_018505835.1-Pakistan-2022_07-pep.fasta,2704638,2691871,2157496,3239013,0.66609674
NCBI-Human-ASM2283312v2-Celera2005.fasta,Pangenome-HPRC-Human-GCA_018852605.1-Caucasian-2022_07-pep.fasta,2704638,2694256,2162536,3236358,0.66820049
NCBI-Human-ASM2283312v2-Celera2005.fasta,UniProt-Human-UP000005640_canonical-2023_05.fasta,2704638,2402417,2180110,2926945,0.74484146
NCBI-Human-ASM2283312v2-Celera2005.fasta,UniProt_Human_9606_SP-Tr-2023_05.fasta,2704638,3471747,2276389,3899996,0.58369009
NCBI-Human-ASM2283312v2-Celera2005.fasta,UniProt_Human_9606_SP-iso_2023_05.fasta,2704638,2542314,2245969,3000983,0.74841110
NCBI-Human-ASM2283312v2-Celera2005.fasta,UniProt_Human_9606_SP_2023_05.fasta,2704638,2400476,2180112,2925002,0.74533693
NCBI-Human-ASM2283312v2-Celera2005.fasta,UniProt_Human_UP000005640_All_2023_05.fasta,2704638,2794482,2235006,3264114,0.68472057
NCBI-Human-ASM2283312v2-Celera2005.fasta,nextprot_Human-all-peff-2023-09-11.fasta,2704638,2540277,2245765,2999150,0.74880049
NCBI-Human-Hopkins2022-06-Ash1_v2.2.fasta,Ensembl-Human-GRCh37.pep.all.fasta,2680272,2759262,2554277,2885257,0.88528578
NCBI-Human-Hopkins2022-06-Ash1_v2.2.fasta,Ensembl-Human-GRCh38.pep.all.fasta,2680272,2828515,2619643,2889144,0.90671943
NCBI-Human-Hopkins2022-06-Ash1_v2.2.fasta,Ensembl-Human-T2T_GCA_009914755.4-2022_07-pep.fasta,2680272,2792073,2625162,2847183,0.92202082
NCBI-Human-Hopkins2022-06-Ash1_v2.2.fasta,NCBI-Human-ASM2283312v2-Celera2005.fasta,2680272,2704638,2225268,3159642,0.70427852
NCBI-Human-Hopkins2022-06-Ash1_v2.2.fasta,NCBI-Human-Hopkins2022-06-Ash1_v2.2.fasta,2680272,2680272,2680272,2680272,1.00000000
NCBI-Human-Hopkins2022-06-Ash1_v2.2.fasta,NCBI-RefSeq-Human-GRCh38.p14-GCF_000001405.40-2022-02-03.fasta,2680272,2724291,2445967,2958596,0.82673234
NCBI-Human-Hopkins2022-06-Ash1_v2.2.fasta,NCBI_RefSeq-Human-T2T-CHM13v2.0-T2T-GCF_009914755.1-2022-01-24.fasta,2680272,2733913,2453706,2960479,0.82882061
NCBI-Human-Hopkins2022-06-Ash1_v2.2.fasta,Pangenome-HPRC-Human-GCA_018466835.1-Barbados-2022_07-pep.fasta,2680272,2784679,2607040,2857911,0.91221875
NCBI-Human-Hopkins2022-06-Ash1_v2.2.fasta,Pangenome-HPRC-Human-GCA_018469405.1-Columbia-2022_07-pep.fasta,2680272,2783441,2614122,2849591,0.91736744
NCBI-Human-Hopkins2022-06-Ash1_v2.2.fasta,Pangenome-HPRC-Human-GCA_018469415.1-Nigeria-2022_07-pep.fasta,2680272,2784252,2606510,2858014,0.91200043
NCBI-Human-Hopkins2022-06-Ash1_v2.2.fasta,Pangenome-HPRC-Human-GCA_018472565.1-HanChineseSouth-2022_08-pep.fasta,2680272,2787238,2616276,2851234,0.91759428
NCBI-Human-Hopkins2022-06-Ash1_v2.2.fasta,Pangenome-HPRC-Human-GCA_018504055.1-Vietnam-2022_07-pep.fasta,2680272,2783481,2611829,2851924,0.91581297
NCBI-Human-Hopkins2022-06-Ash1_v2.2.fasta,Pangenome-HPRC-Human-GCA_018504625.1-swUSA-2022_07-pep.fasta,2680272,2785067,2606882,2858457,0.91198923
NCBI-Human-Hopkins2022-06-Ash1_v2.2.fasta,Pangenome-HPRC-Human-GCA_018505835.1-Pakistan-2022_07-pep.fasta,2680272,2691871,2525707,2846436,0.88732260
NCBI-Human-Hopkins2022-06-Ash1_v2.2.fasta,Pangenome-HPRC-Human-GCA_018852605.1-Caucasian-2022_07-pep.fasta,2680272,2694256,2535322,2839206,0.89296867
NCBI-Human-Hopkins2022-06-Ash1_v2.2.fasta,UniProt-Human-UP000005640_canonical-2023_05.fasta,2680272,2402417,2307515,2775174,0.83148480
NCBI-Human-Hopkins2022-06-Ash1_v2.2.fasta,UniProt_Human_9606_SP-Tr-2023_05.fasta,2680272,3471747,2581652,3570367,0.72307749
NCBI-Human-Hopkins2022-06-Ash1_v2.2.fasta,UniProt_Human_9606_SP-iso_2023_05.fasta,2680272,2542314,2411700,2810886,0.85798570
NCBI-Human-Hopkins2022-06-Ash1_v2.2.fasta,UniProt_Human_9606_SP_2023_05.fasta,2680272,2400476,2306909,2773839,0.83166651
NCBI-Human-Hopkins2022-06-Ash1_v2.2.fasta,UniProt_Human_UP000005640_All_2023_05.fasta,2680272,2794482,2558467,2916287,0.87730289
NCBI-Human-Hopkins2022-06-Ash1_v2.2.fasta,nextprot_Human-all-peff-2023-09-11.fasta,2680272,2540277,2410659,2809890,0.85791935
NCBI-RefSeq-Human-GRCh38.p14-GCF_000001405.40-2022-02-03.fasta,Ensembl-Human-GRCh37.pep.all.fasta,2724291,2759262,2471709,3011844,0.82066302
NCBI-RefSeq-Human-GRCh38.p14-GCF_000001405.40-2022-02-03.fasta,Ensembl-Human-GRCh38.pep.all.fasta,2724291,2828515,2522223,3030583,0.83225670
NCBI-RefSeq-Human-GRCh38.p14-GCF_000001405.40-2022-02-03.fasta,Ensembl-Human-T2T_GCA_009914755.4-2022_07-pep.fasta,2724291,2792073,2473943,3042421,0.81314946
NCBI-RefSeq-Human-GRCh38.p14-GCF_000001405.40-2022-02-03.fasta,NCBI-Human-ASM2283312v2-Celera2005.fasta,2724291,2704638,2239759,3189170,0.70230154
NCBI-RefSeq-Human-GRCh38.p14-GCF_000001405.40-2022-02-03.fasta,NCBI-Human-Hopkins2022-06-Ash1_v2.2.fasta,2724291,2680272,2445967,2958596,0.82673234
NCBI-RefSeq-Human-GRCh38.p14-GCF_000001405.40-2022-02-03.fasta,NCBI-RefSeq-Human-GRCh38.p14-GCF_000001405.40-2022-02-03.fasta,2724291,2724291,2724291,2724291,1.00000000
NCBI-RefSeq-Human-GRCh38.p14-GCF_000001405.40-2022-02-03.fasta,NCBI_RefSeq-Human-T2T-CHM13v2.0-T2T-GCF_009914755.1-2022-01-24.fasta,2724291,2733913,2693437,2764767,0.97420036
NCBI-RefSeq-Human-GRCh38.p14-GCF_000001405.40-2022-02-03.fasta,Pangenome-HPRC-Human-GCA_018466835.1-Barbados-2022_07-pep.fasta,2724291,2784679,2460422,3048548,0.80707996
NCBI-RefSeq-Human-GRCh38.p14-GCF_000001405.40-2022-02-03.fasta,Pangenome-HPRC-Human-GCA_018469405.1-Columbia-2022_07-pep.fasta,2724291,2783441,2465002,3042730,0.81012840
NCBI-RefSeq-Human-GRCh38.p14-GCF_000001405.40-2022-02-03.fasta,Pangenome-HPRC-Human-GCA_018469415.1-Nigeria-2022_07-pep.fasta,2724291,2784252,2460928,3047615,0.80749307
NCBI-RefSeq-Human-GRCh38.p14-GCF_000001405.40-2022-02-03.fasta,Pangenome-HPRC-Human-GCA_018472565.1-HanChineseSouth-2022_08-pep.fasta,2724291,2787238,2466618,3044911,0.81007885
NCBI-RefSeq-Human-GRCh38.p14-GCF_000001405.40-2022-02-03.fasta,Pangenome-HPRC-Human-GCA_018504055.1-Vietnam-2022_07-pep.fasta,2724291,2783481,2463662,3044110,0.80932095
NCBI-RefSeq-Human-GRCh38.p14-GCF_000001405.40-2022-02-03.fasta,Pangenome-HPRC-Human-GCA_018504625.1-swUSA-2022_07-pep.fasta,2724291,2785067,2461363,3047995,0.80753512
NCBI-RefSeq-Human-GRCh38.p14-GCF_000001405.40-2022-02-03.fasta,Pangenome-HPRC-Human-GCA_018505835.1-Pakistan-2022_07-pep.fasta,2724291,2691871,2380593,3035569,0.78423287
NCBI-RefSeq-Human-GRCh38.p14-GCF_000001405.40-2022-02-03.fasta,Pangenome-HPRC-Human-GCA_018852605.1-Caucasian-2022_07-pep.fasta,2724291,2694256,2385496,3033051,0.78650046
NCBI-RefSeq-Human-GRCh38.p14-GCF_000001405.40-2022-02-03.fasta,UniProt-Human-UP000005640_canonical-2023_05.fasta,2724291,2402417,2358134,2768574,0.85175040
NCBI-RefSeq-Human-GRCh38.p14-GCF_000001405.40-2022-02-03.fasta,UniProt_Human_9606_SP-Tr-2023_05.fasta,2724291,3471747,2492423,3703615,0.67297033
NCBI-RefSeq-Human-GRCh38.p14-GCF_000001405.40-2022-02-03.fasta,UniProt_Human_9606_SP-iso_2023_05.fasta,2724291,2542314,2453170,2813435,0.87194835
NCBI-RefSeq-Human-GRCh38.p14-GCF_000001405.40-2022-02-03.fasta,UniProt_Human_9606_SP_2023_05.fasta,2724291,2400476,2357207,2767560,0.85172751
NCBI-RefSeq-Human-GRCh38.p14-GCF_000001405.40-2022-02-03.fasta,UniProt_Human_UP000005640_All_2023_05.fasta,2724291,2794482,2467608,3051165,0.80874289
NCBI-RefSeq-Human-GRCh38.p14-GCF_000001405.40-2022-02-03.fasta,nextprot_Human-all-peff-2023-09-11.fasta,2724291,2540277,2451068,2813500,0.87118109
NCBI_RefSeq-Human-T2T-CHM13v2.0-T2T-GCF_009914755.1-2022-01-24.fasta,Ensembl-Human-GRCh37.pep.all.fasta,2733913,2759262,2466841,3026334,0.81512516
NCBI_RefSeq-Human-T2T-CHM13v2.0-T2T-GCF_009914755.1-2022-01-24.fasta,Ensembl-Human-GRCh38.pep.all.fasta,2733913,2828515,2516326,3046102,0.82608068
NCBI_RefSeq-Human-T2T-CHM13v2.0-T2T-GCF_009914755.1-2022-01-24.fasta,Ensembl-Human-T2T_GCA_009914755.4-2022_07-pep.fasta,2733913,2792073,2489096,3036890,0.81962007
NCBI_RefSeq-Human-T2T-CHM13v2.0-T2T-GCF_009914755.1-2022-01-24.fasta,NCBI-Human-ASM2283312v2-Celera2005.fasta,2733913,2704638,2243589,3194962,0.70222713
NCBI_RefSeq-Human-T2T-CHM13v2.0-T2T-GCF_009914755.1-2022-01-24.fasta,NCBI-Human-Hopkins2022-06-Ash1_v2.2.fasta,2733913,2680272,2453706,2960479,0.82882061
NCBI_RefSeq-Human-T2T-CHM13v2.0-T2T-GCF_009914755.1-2022-01-24.fasta,NCBI-RefSeq-Human-GRCh38.p14-GCF_000001405.40-2022-02-03.fasta,2733913,2724291,2693437,2764767,0.97420036
NCBI_RefSeq-Human-T2T-CHM13v2.0-T2T-GCF_009914755.1-2022-01-24.fasta,NCBI_RefSeq-Human-T2T-CHM13v2.0-T2T-GCF_009914755.1-2022-01-24.fasta,2733913,2733913,2733913,2733913,1.00000000
NCBI_RefSeq-Human-T2T-CHM13v2.0-T2T-GCF_009914755.1-2022-01-24.fasta,Pangenome-HPRC-Human-GCA_018466835.1-Barbados-2022_07-pep.fasta,2733913,2784679,2465304,3053288,0.80742596
NCBI_RefSeq-Human-T2T-CHM13v2.0-T2T-GCF_009914755.1-2022-01-24.fasta,Pangenome-HPRC-Human-GCA_018469405.1-Columbia-2022_07-pep.fasta,2733913,2783441,2470848,3046506,0.81104321
NCBI_RefSeq-Human-T2T-CHM13v2.0-T2T-GCF_009914755.1-2022-01-24.fasta,Pangenome-HPRC-Human-GCA_018469415.1-Nigeria-2022_07-pep.fasta,2733913,2784252,2466210,3051955,0.80807548
NCBI_RefSeq-Human-T2T-CHM13v2.0-T2T-GCF_009914755.1-2022-01-24.fasta,Pangenome-HPRC-Human-GCA_018472565.1-HanChineseSouth-2022_08-pep.fasta,2733913,2787238,2472672,3048479,0.81111663
NCBI_RefSeq-Human-T2T-CHM13v2.0-T2T-GCF_009914755.1-2022-01-24.fasta,Pangenome-HPRC-Human-GCA_018504055.1-Vietnam-2022_07-pep.fasta,2733913,2783481,2469134,3048260,0.81001424
NCBI_RefSeq-Human-T2T-CHM13v2.0-T2T-GCF_009914755.1-2022-01-24.fasta,Pangenome-HPRC-Human-GCA_018504625.1-swUSA-2022_07-pep.fasta,2733913,2785067,2466766,3052214,0.80818907
NCBI_RefSeq-Human-T2T-CHM13v2.0-T2T-GCF_009914755.1-2022-01-24.fasta,Pangenome-HPRC-Human-GCA_018505835.1-Pakistan-2022_07-pep.fasta,2733913,2691871,2386108,3039676,0.78498761
NCBI_RefSeq-Human-T2T-CHM13v2.0-T2T-GCF_009914755.1-2022-01-24.fasta,Pangenome-HPRC-Human-GCA_018852605.1-Caucasian-2022_07-pep.fasta,2733913,2694256,2391381,3036788,0.78747051
NCBI_RefSeq-Human-T2T-CHM13v2.0-T2T-GCF_009914755.1-2022-01-24.fasta,UniProt-Human-UP000005640_canonical-2023_05.fasta,2733913,2402417,2354250,2782080,0.84621938
NCBI_RefSeq-Human-T2T-CHM13v2.0-T2T-GCF_009914755.1-2022-01-24.fasta,UniProt_Human_9606_SP-Tr-2023_05.fasta,2733913,3471747,2492277,3713383,0.67116077
NCBI_RefSeq-Human-T2T-CHM13v2.0-T2T-GCF_009914755.1-2022-01-24.fasta,UniProt_Human_9606_SP-iso_2023_05.fasta,2733913,2542314,2449096,2827131,0.86628317
NCBI_RefSeq-Human-T2T-CHM13v2.0-T2T-GCF_009914755.1-2022-01-24.fasta,UniProt_Human_9606_SP_2023_05.fasta,2733913,2400476,2353405,2780984,0.84624903
NCBI_RefSeq-Human-T2T-CHM13v2.0-T2T-GCF_009914755.1-2022-01-24.fasta,UniProt_Human_UP000005640_All_2023_05.fasta,2733913,2794482,2462086,3066309,0.80294778
NCBI_RefSeq-Human-T2T-CHM13v2.0-T2T-GCF_009914755.1-2022-01-24.fasta,nextprot_Human-all-peff-2023-09-11.fasta,2733913,2540277,2446927,2827263,0.86547555
Pangenome-HPRC-Human-GCA_018466835.1-Barbados-2022_07-pep.fasta,Ensembl-Human-GRCh37.pep.all.fasta,2784679,2759262,2613708,2930233,0.89197958
Pangenome-HPRC-Human-GCA_018466835.1-Barbados-2022_07-pep.fasta,Ensembl-Human-GRCh38.pep.all.fasta,2784679,2828515,2718202,2894992,0.93893247
Pangenome-HPRC-Human-GCA_018466835.1-Barbados-2022_07-pep.fasta,Ensembl-Human-T2T_GCA_009914755.4-2022_07-pep.fasta,2784679,2792073,2733078,2843674,0.96110806
Pangenome-HPRC-Human-GCA_018466835.1-Barbados-2022_07-pep.fasta,NCBI-Human-ASM2283312v2-Celera2005.fasta,2784679,2704638,2229391,3259926,0.68387779
Pangenome-HPRC-Human-GCA_018466835.1-Barbados-2022_07-pep.fasta,NCBI-Human-Hopkins2022-06-Ash1_v2.2.fasta,2784679,2680272,2607040,2857911,0.91221875
Pangenome-HPRC-Human-GCA_018466835.1-Barbados-2022_07-pep.fasta,NCBI-RefSeq-Human-GRCh38.p14-GCF_000001405.40-2022-02-03.fasta,2784679,2724291,2460422,3048548,0.80707996
Pangenome-HPRC-Human-GCA_018466835.1-Barbados-2022_07-pep.fasta,NCBI_RefSeq-Human-T2T-CHM13v2.0-T2T-GCF_009914755.1-2022-01-24.fasta,2784679,2733913,2465304,3053288,0.80742596
Pangenome-HPRC-Human-GCA_018466835.1-Barbados-2022_07-pep.fasta,Pangenome-HPRC-Human-GCA_018466835.1-Barbados-2022_07-pep.fasta,2784679,2784679,2784679,2784679,1.00000000
Pangenome-HPRC-Human-GCA_018466835.1-Barbados-2022_07-pep.fasta,Pangenome-HPRC-Human-GCA_018469405.1-Columbia-2022_07-pep.fasta,2784679,2783441,2727995,2840125,0.96051934
Pangenome-HPRC-Human-GCA_018466835.1-Barbados-2022_07-pep.fasta,Pangenome-HPRC-Human-GCA_018469415.1-Nigeria-2022_07-pep.fasta,2784679,2784252,2729225,2839706,0.96109421
Pangenome-HPRC-Human-GCA_018466835.1-Barbados-2022_07-pep.fasta,Pangenome-HPRC-Human-GCA_018472565.1-HanChineseSouth-2022_08-pep.fasta,2784679,2787238,2729210,2842707,0.96007432
Pangenome-HPRC-Human-GCA_018466835.1-Barbados-2022_07-pep.fasta,Pangenome-HPRC-Human-GCA_018504055.1-Vietnam-2022_07-pep.fasta,2784679,2783481,2725305,2842855,0.95865072
Pangenome-HPRC-Human-GCA_018466835.1-Barbados-2022_07-pep.fasta,Pangenome-HPRC-Human-GCA_018504625.1-swUSA-2022_07-pep.fasta,2784679,2785067,2730753,2838993,0.96187381
Pangenome-HPRC-Human-GCA_018466835.1-Barbados-2022_07-pep.fasta,Pangenome-HPRC-Human-GCA_018505835.1-Pakistan-2022_07-pep.fasta,2784679,2691871,2634321,2842229,0.92685037
Pangenome-HPRC-Human-GCA_018466835.1-Barbados-2022_07-pep.fasta,Pangenome-HPRC-Human-GCA_018852605.1-Caucasian-2022_07-pep.fasta,2784679,2694256,2636919,2842016,0.92783397
Pangenome-HPRC-Human-GCA_018466835.1-Barbados-2022_07-pep.fasta,UniProt-Human-UP000005640_canonical-2023_05.fasta,2784679,2402417,2314875,2872221,0.80595295
Pangenome-HPRC-Human-GCA_018466835.1-Barbados-2022_07-pep.fasta,UniProt_Human_9606_SP-Tr-2023_05.fasta,2784679,3471747,2677011,3579415,0.74789065
Pangenome-HPRC-Human-GCA_018466835.1-Barbados-2022_07-pep.fasta,UniProt_Human_9606_SP-iso_2023_05.fasta,2784679,2542314,2419822,2907171,0.83236315
Pangenome-HPRC-Human-GCA_018466835.1-Barbados-2022_07-pep.fasta,UniProt_Human_9606_SP_2023_05.fasta,2784679,2400476,2313445,2871710,0.80559841
Pangenome-HPRC-Human-GCA_018466835.1-Barbados-2022_07-pep.fasta,UniProt_Human_UP000005640_All_2023_05.fasta,2784679,2794482,2654864,2924297,0.90786401
Pangenome-HPRC-Human-GCA_018466835.1-Barbados-2022_07-pep.fasta,nextprot_Human-all-peff-2023-09-11.fasta,2784679,2540277,2418002,2906954,0.83179920
Pangenome-HPRC-Human-GCA_018469405.1-Columbia-2022_07-pep.fasta,Ensembl-Human-GRCh37.pep.all.fasta,2783441,2759262,2618999,2923704,0.89578117
Pangenome-HPRC-Human-GCA_018469405.1-Columbia-2022_07-pep.fasta,Ensembl-Human-GRCh38.pep.all.fasta,2783441,2828515,2723883,2888073,0.94314894
Pangenome-HPRC-Human-GCA_018469405.1-Columbia-2022_07-pep.fasta,Ensembl-Human-T2T_GCA_009914755.4-2022_07-pep.fasta,2783441,2792073,2741622,2833892,0.96744054
Pangenome-HPRC-Human-GCA_018469405.1-Columbia-2022_07-pep.fasta,NCBI-Human-ASM2283312v2-Celera2005.fasta,2783441,2704638,2234915,3253164,0.68699734
Pangenome-HPRC-Human-GCA_018469405.1-Columbia-2022_07-pep.fasta,NCBI-Human-Hopkins2022-06-Ash1_v2.2.fasta,2783441,2680272,2614122,2849591,0.91736744
Pangenome-HPRC-Human-GCA_018469405.1-Columbia-2022_07-pep.fasta,NCBI-RefSeq-Human-GRCh38.p14-GCF_000001405.40-2022-02-03.fasta,2783441,2724291,2465002,3042730,0.81012840
Pangenome-HPRC-Human-GCA_018469405.1-Columbia-2022_07-pep.fasta,NCBI_RefSeq-Human-T2T-CHM13v2.0-T2T-GCF_009914755.1-2022-01-24.fasta,2783441,2733913,2470848,3046506,0.81104321
Pangenome-HPRC-Human-GCA_018469405.1-Columbia-2022_07-pep.fasta,Pangenome-HPRC-Human-GCA_018466835.1-Barbados-2022_07-pep.fasta,2783441,2784679,2727995,2840125,0.96051934
Pangenome-HPRC-Human-GCA_018469405.1-Columbia-2022_07-pep.fasta,Pangenome-HPRC-Human-GCA_018469405.1-Columbia-2022_07-pep.fasta,2783441,2783441,2783441,2783441,1.00000000
Pangenome-HPRC-Human-GCA_018469405.1-Columbia-2022_07-pep.fasta,Pangenome-HPRC-Human-GCA_018469415.1-Nigeria-2022_07-pep.fasta,2783441,2784252,2725581,2842112,0.95899845
Pangenome-HPRC-Human-GCA_018469405.1-Columbia-2022_07-pep.fasta,Pangenome-HPRC-Human-GCA_018472565.1-HanChineseSouth-2022_08-pep.fasta,2783441,2787238,2737184,2833495,0.96600982
Pangenome-HPRC-Human-GCA_018469405.1-Columbia-2022_07-pep.fasta,Pangenome-HPRC-Human-GCA_018504055.1-Vietnam-2022_07-pep.fasta,2783441,2783481,2734174,2832748,0.96520199
Pangenome-HPRC-Human-GCA_018469405.1-Columbia-2022_07-pep.fasta,Pangenome-HPRC-Human-GCA_018504625.1-swUSA-2022_07-pep.fasta,2783441,2785067,2728502,2840006,0.96073811
Pangenome-HPRC-Human-GCA_018469405.1-Columbia-2022_07-pep.fasta,Pangenome-HPRC-Human-GCA_018505835.1-Pakistan-2022_07-pep.fasta,2783441,2691871,2640585,2834727,0.93151298
Pangenome-HPRC-Human-GCA_018469405.1-Columbia-2022_07-pep.fasta,Pangenome-HPRC-Human-GCA_018852605.1-Caucasian-2022_07-pep.fasta,2783441,2694256,2644424,2833273,0.93334599
Pangenome-HPRC-Human-GCA_018469405.1-Columbia-2022_07-pep.fasta,UniProt-Human-UP000005640_canonical-2023_05.fasta,2783441,2402417,2319188,2866670,0.80901813
Pangenome-HPRC-Human-GCA_018469405.1-Columbia-2022_07-pep.fasta,UniProt_Human_9606_SP-Tr-2023_05.fasta,2783441,3471747,2683010,3572178,0.75108519
Pangenome-HPRC-Human-GCA_018469405.1-Columbia-2022_07-pep.fasta,UniProt_Human_9606_SP-iso_2023_05.fasta,2783441,2542314,2424383,2901372,0.83559881
Pangenome-HPRC-Human-GCA_018469405.1-Columbia-2022_07-pep.fasta,UniProt_Human_9606_SP_2023_05.fasta,2783441,2400476,2317753,2866164,0.80866029
Pangenome-HPRC-Human-GCA_018469405.1-Columbia-2022_07-pep.fasta,UniProt_Human_UP000005640_All_2023_05.fasta,2783441,2794482,2660327,2917596,0.91182158
Pangenome-HPRC-Human-GCA_018469405.1-Columbia-2022_07-pep.fasta,nextprot_Human-all-peff-2023-09-11.fasta,2783441,2540277,2422631,2901087,0.83507699
Pangenome-HPRC-Human-GCA_018469415.1-Nigeria-2022_07-pep.fasta,Ensembl-Human-GRCh37.pep.all.fasta,2784252,2759262,2614066,2929448,0.89234081
Pangenome-HPRC-Human-GCA_018469415.1-Nigeria-2022_07-pep.fasta,Ensembl-Human-GRCh38.pep.all.fasta,2784252,2828515,2718622,2894145,0.93935238
Pangenome-HPRC-Human-GCA_018469415.1-Nigeria-2022_07-pep.fasta,Ensembl-Human-T2T_GCA_009914755.4-2022_07-pep.fasta,2784252,2792073,2731886,2844439,0.96043051
Pangenome-HPRC-Human-GCA_018469415.1-Nigeria-2022_07-pep.fasta,NCBI-Human-ASM2283312v2-Celera2005.fasta,2784252,2704638,2228908,3259982,0.68371789
Pangenome-HPRC-Human-GCA_018469415.1-Nigeria-2022_07-pep.fasta,NCBI-Human-Hopkins2022-06-Ash1_v2.2.fasta,2784252,2680272,2606510,2858014,0.91200043
Pangenome-HPRC-Human-GCA_018469415.1-Nigeria-2022_07-pep.fasta,NCBI-RefSeq-Human-GRCh38.p14-GCF_000001405.40-2022-02-03.fasta,2784252,2724291,2460928,3047615,0.80749307
Pangenome-HPRC-Human-GCA_018469415.1-Nigeria-2022_07-pep.fasta,NCBI_RefSeq-Human-T2T-CHM13v2.0-T2T-GCF_009914755.1-2022-01-24.fasta,2784252,2733913,2466210,3051955,0.80807548
Pangenome-HPRC-Human-GCA_018469415.1-Nigeria-2022_07-pep.fasta,Pangenome-HPRC-Human-GCA_018466835.1-Barbados-2022_07-pep.fasta,2784252,2784679,2729225,2839706,0.96109421
Pangenome-HPRC-Human-GCA_018469415.1-Nigeria-2022_07-pep.fasta,Pangenome-HPRC-Human-GCA_018469405.1-Columbia-2022_07-pep.fasta,2784252,2783441,2725581,2842112,0.95899845
Pangenome-HPRC-Human-GCA_018469415.1-Nigeria-2022_07-pep.fasta,Pangenome-HPRC-Human-GCA_018469415.1-Nigeria-2022_07-pep.fasta,2784252,2784252,2784252,2784252,1.00000000
Pangenome-HPRC-Human-GCA_018469415.1-Nigeria-2022_07-pep.fasta,Pangenome-HPRC-Human-GCA_018472565.1-HanChineseSouth-2022_08-pep.fasta,2784252,2787238,2728473,2843017,0.95971041
Pangenome-HPRC-Human-GCA_018469415.1-Nigeria-2022_07-pep.fasta,Pangenome-HPRC-Human-GCA_018504055.1-Vietnam-2022_07-pep.fasta,2784252,2783481,2724788,2842945,0.95843852
Pangenome-HPRC-Human-GCA_018469415.1-Nigeria-2022_07-pep.fasta,Pangenome-HPRC-Human-GCA_018504625.1-swUSA-2022_07-pep.fasta,2784252,2785067,2729113,2840206,0.96088558
Pangenome-HPRC-Human-GCA_018469415.1-Nigeria-2022_07-pep.fasta,Pangenome-HPRC-Human-GCA_018505835.1-Pakistan-2022_07-pep.fasta,2784252,2691871,2633189,2842934,0.92622235
Pangenome-HPRC-Human-GCA_018469415.1-Nigeria-2022_07-pep.fasta,Pangenome-HPRC-Human-GCA_018852605.1-Caucasian-2022_07-pep.fasta,2784252,2694256,2636505,2842003,0.92769255
Pangenome-HPRC-Human-GCA_018469415.1-Nigeria-2022_07-pep.fasta,UniProt-Human-UP000005640_canonical-2023_05.fasta,2784252,2402417,2315518,2871151,0.80647726
Pangenome-HPRC-Human-GCA_018469415.1-Nigeria-2022_07-pep.fasta,UniProt_Human_9606_SP-Tr-2023_05.fasta,2784252,3471747,2677873,3578126,0.74840098
Pangenome-HPRC-Human-GCA_018469415.1-Nigeria-2022_07-pep.fasta,UniProt_Human_9606_SP-iso_2023_05.fasta,2784252,2542314,2420371,2906195,0.83283159
Pangenome-HPRC-Human-GCA_018469415.1-Nigeria-2022_07-pep.fasta,UniProt_Human_9606_SP_2023_05.fasta,2784252,2400476,2314077,2870651,0.80611576
Pangenome-HPRC-Human-GCA_018469415.1-Nigeria-2022_07-pep.fasta,UniProt_Human_UP000005640_All_2023_05.fasta,2784252,2794482,2655355,2923379,0.90831705
Pangenome-HPRC-Human-GCA_018469415.1-Nigeria-2022_07-pep.fasta,nextprot_Human-all-peff-2023-09-11.fasta,2784252,2540277,2418580,2905949,0.83228577
Pangenome-HPRC-Human-GCA_018472565.1-HanChineseSouth-2022_08-pep.fasta,Ensembl-Human-GRCh37.pep.all.fasta,2787238,2759262,2620867,2925633,0.89582904
Pangenome-HPRC-Human-GCA_018472565.1-HanChineseSouth-2022_08-pep.fasta,Ensembl-Human-GRCh38.pep.all.fasta,2787238,2828515,2725890,2889863,0.94325925
Pangenome-HPRC-Human-GCA_018472565.1-HanChineseSouth-2022_08-pep.fasta,Ensembl-Human-T2T_GCA_009914755.4-2022_07-pep.fasta,2787238,2792073,2742942,2836369,0.96706106
Pangenome-HPRC-Human-GCA_018472565.1-HanChineseSouth-2022_08-pep.fasta,NCBI-Human-ASM2283312v2-Celera2005.fasta,2787238,2704638,2236055,3255821,0.68678684
Pangenome-HPRC-Human-GCA_018472565.1-HanChineseSouth-2022_08-pep.fasta,NCBI-Human-Hopkins2022-06-Ash1_v2.2.fasta,2787238,2680272,2616276,2851234,0.91759428
Pangenome-HPRC-Human-GCA_018472565.1-HanChineseSouth-2022_08-pep.fasta,NCBI-RefSeq-Human-GRCh38.p14-GCF_000001405.40-2022-02-03.fasta,2787238,2724291,2466618,3044911,0.81007885
Pangenome-HPRC-Human-GCA_018472565.1-HanChineseSouth-2022_08-pep.fasta,NCBI_RefSeq-Human-T2T-CHM13v2.0-T2T-GCF_009914755.1-2022-01-24.fasta,2787238,2733913,2472672,3048479,0.81111663
Pangenome-HPRC-Human-GCA_018472565.1-HanChineseSouth-2022_08-pep.fasta,Pangenome-HPRC-Human-GCA_018466835.1-Barbados-2022_07-pep.fasta,2787238,2784679,2729210,2842707,0.96007432
Pangenome-HPRC-Human-GCA_018472565.1-HanChineseSouth-2022_08-pep.fasta,Pangenome-HPRC-Human-GCA_018469405.1-Columbia-2022_07-pep.fasta,2787238,2783441,2737184,2833495,0.96600982
Pangenome-HPRC-Human-GCA_018472565.1-HanChineseSouth-2022_08-pep.fasta,Pangenome-HPRC-Human-GCA_018469415.1-Nigeria-2022_07-pep.fasta,2787238,2784252,2728473,2843017,0.95971041
Pangenome-HPRC-Human-GCA_018472565.1-HanChineseSouth-2022_08-pep.fasta,Pangenome-HPRC-Human-GCA_018472565.1-HanChineseSouth-2022_08-pep.fasta,2787238,2787238,2787238,2787238,1.00000000
Pangenome-HPRC-Human-GCA_018472565.1-HanChineseSouth-2022_08-pep.fasta,Pangenome-HPRC-Human-GCA_018504055.1-Vietnam-2022_07-pep.fasta,2787238,2783481,2743265,2827454,0.97022445
Pangenome-HPRC-Human-GCA_018472565.1-HanChineseSouth-2022_08-pep.fasta,Pangenome-HPRC-Human-GCA_018504625.1-swUSA-2022_07-pep.fasta,2787238,2785067,2729292,2843013,0.95999983
Pangenome-HPRC-Human-GCA_018472565.1-HanChineseSouth-2022_08-pep.fasta,Pangenome-HPRC-Human-GCA_018505835.1-Pakistan-2022_07-pep.fasta,2787238,2691871,2643690,2835419,0.93238072
Pangenome-HPRC-Human-GCA_018472565.1-HanChineseSouth-2022_08-pep.fasta,Pangenome-HPRC-Human-GCA_018852605.1-Caucasian-2022_07-pep.fasta,2787238,2694256,2646418,2835076,0.93345575
Pangenome-HPRC-Human-GCA_018472565.1-HanChineseSouth-2022_08-pep.fasta,UniProt-Human-UP000005640_canonical-2023_05.fasta,2787238,2402417,2320351,2869304,0.80868078
Pangenome-HPRC-Human-GCA_018472565.1-HanChineseSouth-2022_08-pep.fasta,UniProt_Human_9606_SP-Tr-2023_05.fasta,2787238,3471747,2685530,3573455,0.75152199
Pangenome-HPRC-Human-GCA_018472565.1-HanChineseSouth-2022_08-pep.fasta,UniProt_Human_9606_SP-iso_2023_05.fasta,2787238,2542314,2425813,2903739,0.83541014
Pangenome-HPRC-Human-GCA_018472565.1-HanChineseSouth-2022_08-pep.fasta,UniProt_Human_9606_SP_2023_05.fasta,2787238,2400476,2318914,2868800,0.80832195
Pangenome-HPRC-Human-GCA_018472565.1-HanChineseSouth-2022_08-pep.fasta,UniProt_Human_UP000005640_All_2023_05.fasta,2787238,2794482,2662204,2919516,0.91186484
Pangenome-HPRC-Human-GCA_018472565.1-HanChineseSouth-2022_08-pep.fasta,nextprot_Human-all-peff-2023-09-11.fasta,2787238,2540277,2424024,2903491,0.83486534
Pangenome-HPRC-Human-GCA_018504055.1-Vietnam-2022_07-pep.fasta,Ensembl-Human-GRCh37.pep.all.fasta,2783481,2759262,2617773,2924970,0.89497431
Pangenome-HPRC-Human-GCA_018504055.1-Vietnam-2022_07-pep.fasta,Ensembl-Human-GRCh38.pep.all.fasta,2783481,2828515,2722232,2889764,0.94202572
Pangenome-HPRC-Human-GCA_018504055.1-Vietnam-2022_07-pep.fasta,Ensembl-Human-T2T_GCA_009914755.4-2022_07-pep.fasta,2783481,2792073,2739187,2836367,0.96573786
Pangenome-HPRC-Human-GCA_018504055.1-Vietnam-2022_07-pep.fasta,NCBI-Human-ASM2283312v2-Celera2005.fasta,2783481,2704638,2232715,3255404,0.68584882
Pangenome-HPRC-Human-GCA_018504055.1-Vietnam-2022_07-pep.fasta,NCBI-Human-Hopkins2022-06-Ash1_v2.2.fasta,2783481,2680272,2611829,2851924,0.91581297
Pangenome-HPRC-Human-GCA_018504055.1-Vietnam-2022_07-pep.fasta,NCBI-RefSeq-Human-GRCh38.p14-GCF_000001405.40-2022-02-03.fasta,2783481,2724291,2463662,3044110,0.80932095
Pangenome-HPRC-Human-GCA_018504055.1-Vietnam-2022_07-pep.fasta,NCBI_RefSeq-Human-T2T-CHM13v2.0-T2T-GCF_009914755.1-2022-01-24.fasta,2783481,2733913,2469134,3048260,0.81001424
Pangenome-HPRC-Human-GCA_018504055.1-Vietnam-2022_07-pep.fasta,Pangenome-HPRC-Human-GCA_018466835.1-Barbados-2022_07-pep.fasta,2783481,2784679,2725305,2842855,0.95865072
Pangenome-HPRC-Human-GCA_018504055.1-Vietnam-2022_07-pep.fasta,Pangenome-HPRC-Human-GCA_018469405.1-Columbia-2022_07-pep.fasta,2783481,2783441,2734174,2832748,0.96520199
Pangenome-HPRC-Human-GCA_018504055.1-Vietnam-2022_07-pep.fasta,Pangenome-HPRC-Human-GCA_018469415.1-Nigeria-2022_07-pep.fasta,2783481,2784252,2724788,2842945,0.95843852
Pangenome-HPRC-Human-GCA_018504055.1-Vietnam-2022_07-pep.fasta,Pangenome-HPRC-Human-GCA_018472565.1-HanChineseSouth-2022_08-pep.fasta,2783481,2787238,2743265,2827454,0.97022445
Pangenome-HPRC-Human-GCA_018504055.1-Vietnam-2022_07-pep.fasta,Pangenome-HPRC-Human-GCA_018504055.1-Vietnam-2022_07-pep.fasta,2783481,2783481,2783481,2783481,1.00000000
Pangenome-HPRC-Human-GCA_018504055.1-Vietnam-2022_07-pep.fasta,Pangenome-HPRC-Human-GCA_018504625.1-swUSA-2022_07-pep.fasta,2783481,2785067,2725400,2843148,0.95858534
Pangenome-HPRC-Human-GCA_018504055.1-Vietnam-2022_07-pep.fasta,Pangenome-HPRC-Human-GCA_018505835.1-Pakistan-2022_07-pep.fasta,2783481,2691871,2641176,2834176,0.93190261
Pangenome-HPRC-Human-GCA_018504055.1-Vietnam-2022_07-pep.fasta,Pangenome-HPRC-Human-GCA_018852605.1-Caucasian-2022_07-pep.fasta,2783481,2694256,2642529,2835208,0.93204061
Pangenome-HPRC-Human-GCA_018504055.1-Vietnam-2022_07-pep.fasta,UniProt-Human-UP000005640_canonical-2023_05.fasta,2783481,2402417,2317902,2867996,0.80819569
Pangenome-HPRC-Human-GCA_018504055.1-Vietnam-2022_07-pep.fasta,UniProt_Human_9606_SP-Tr-2023_05.fasta,2783481,3471747,2681455,3573773,0.75031486
Pangenome-HPRC-Human-GCA_018504055.1-Vietnam-2022_07-pep.fasta,UniProt_Human_9606_SP-iso_2023_05.fasta,2783481,2542314,2423022,2902773,0.83472666
Pangenome-HPRC-Human-GCA_018504055.1-Vietnam-2022_07-pep.fasta,UniProt_Human_9606_SP_2023_05.fasta,2783481,2400476,2316496,2867461,0.80785615
Pangenome-HPRC-Human-GCA_018504055.1-Vietnam-2022_07-pep.fasta,UniProt_Human_UP000005640_All_2023_05.fasta,2783481,2794482,2658703,2919260,0.91074553
Pangenome-HPRC-Human-GCA_018504055.1-Vietnam-2022_07-pep.fasta,nextprot_Human-all-peff-2023-09-11.fasta,2783481,2540277,2421243,2902515,0.83418794
Pangenome-HPRC-Human-GCA_018504625.1-swUSA-2022_07-pep.fasta,Ensembl-Human-GRCh37.pep.all.fasta,2785067,2759262,2614441,2929888,0.89233479
Pangenome-HPRC-Human-GCA_018504625.1-swUSA-2022_07-pep.fasta,Ensembl-Human-GRCh38.pep.all.fasta,2785067,2828515,2719008,2894574,0.93934652
Pangenome-HPRC-Human-GCA_018504625.1-swUSA-2022_07-pep.fasta,Ensembl-Human-T2T_GCA_009914755.4-2022_07-pep.fasta,2785067,2792073,2734380,2842760,0.96187508
Pangenome-HPRC-Human-GCA_018504625.1-swUSA-2022_07-pep.fasta,NCBI-Human-ASM2283312v2-Celera2005.fasta,2785067,2704638,2230352,3259353,0.68429286
Pangenome-HPRC-Human-GCA_018504625.1-swUSA-2022_07-pep.fasta,NCBI-Human-Hopkins2022-06-Ash1_v2.2.fasta,2785067,2680272,2606882,2858457,0.91198923
Pangenome-HPRC-Human-GCA_018504625.1-swUSA-2022_07-pep.fasta,NCBI-RefSeq-Human-GRCh38.p14-GCF_000001405.40-2022-02-03.fasta,2785067,2724291,2461363,3047995,0.80753512
Pangenome-HPRC-Human-GCA_018504625.1-swUSA-2022_07-pep.fasta,NCBI_RefSeq-Human-T2T-CHM13v2.0-T2T-GCF_009914755.1-2022-01-24.fasta,2785067,2733913,2466766,3052214,0.80818907
Pangenome-HPRC-Human-GCA_018504625.1-swUSA-2022_07-pep.fasta,Pangenome-HPRC-Human-GCA_018466835.1-Barbados-2022_07-pep.fasta,2785067,2784679,2730753,2838993,0.96187381
Pangenome-HPRC-Human-GCA_018504625.1-swUSA-2022_07-pep.fasta,Pangenome-HPRC-Human-GCA_018469405.1-Columbia-2022_07-pep.fasta,2785067,2783441,2728502,2840006,0.96073811
Pangenome-HPRC-Human-GCA_018504625.1-swUSA-2022_07-pep.fasta,Pangenome-HPRC-Human-GCA_018469415.1-Nigeria-2022_07-pep.fasta,2785067,2784252,2729113,2840206,0.96088558
Pangenome-HPRC-Human-GCA_018504625.1-swUSA-2022_07-pep.fasta,Pangenome-HPRC-Human-GCA_018472565.1-HanChineseSouth-2022_08-pep.fasta,2785067,2787238,2729292,2843013,0.95999983
Pangenome-HPRC-Human-GCA_018504625.1-swUSA-2022_07-pep.fasta,Pangenome-HPRC-Human-GCA_018504055.1-Vietnam-2022_07-pep.fasta,2785067,2783481,2725400,2843148,0.95858534
Pangenome-HPRC-Human-GCA_018504625.1-swUSA-2022_07-pep.fasta,Pangenome-HPRC-Human-GCA_018504625.1-swUSA-2022_07-pep.fasta,2785067,2785067,2785067,2785067,1.00000000
Pangenome-HPRC-Human-GCA_018504625.1-swUSA-2022_07-pep.fasta,Pangenome-HPRC-Human-GCA_018505835.1-Pakistan-2022_07-pep.fasta,2785067,2691871,2635432,2841506,0.92747719
Pangenome-HPRC-Human-GCA_018504625.1-swUSA-2022_07-pep.fasta,Pangenome-HPRC-Human-GCA_018852605.1-Caucasian-2022_07-pep.fasta,2785067,2694256,2637368,2841955,0.92801188
Pangenome-HPRC-Human-GCA_018504625.1-swUSA-2022_07-pep.fasta,UniProt-Human-UP000005640_canonical-2023_05.fasta,2785067,2402417,2315677,2871807,0.80634841
Pangenome-HPRC-Human-GCA_018504625.1-swUSA-2022_07-pep.fasta,UniProt_Human_9606_SP-Tr-2023_05.fasta,2785067,3471747,2678208,3578606,0.74839421
Pangenome-HPRC-Human-GCA_018504625.1-swUSA-2022_07-pep.fasta,UniProt_Human_9606_SP-iso_2023_05.fasta,2785067,2542314,2420468,2906913,0.83265925
Pangenome-HPRC-Human-GCA_018504625.1-swUSA-2022_07-pep.fasta,UniProt_Human_9606_SP_2023_05.fasta,2785067,2400476,2314236,2871307,0.80598696
Pangenome-HPRC-Human-GCA_018504625.1-swUSA-2022_07-pep.fasta,UniProt_Human_UP000005640_All_2023_05.fasta,2785067,2794482,2655809,2923740,0.90836018
Pangenome-HPRC-Human-GCA_018504625.1-swUSA-2022_07-pep.fasta,nextprot_Human-all-peff-2023-09-11.fasta,2785067,2540277,2418701,2906643,0.83212868
Pangenome-HPRC-Human-GCA_018505835.1-Pakistan-2022_07-pep.fasta,Ensembl-Human-GRCh37.pep.all.fasta,2691871,2759262,2534021,2917112,0.86867457
Pangenome-HPRC-Human-GCA_018505835.1-Pakistan-2022_07-pep.fasta,Ensembl-Human-GRCh38.pep.all.fasta,2691871,2828515,2633262,2887124,0.91207097
Pangenome-HPRC-Human-GCA_018505835.1-Pakistan-2022_07-pep.fasta,Ensembl-Human-T2T_GCA_009914755.4-2022_07-pep.fasta,2691871,2792073,2649275,2834669,0.93459765
Pangenome-HPRC-Human-GCA_018505835.1-Pakistan-2022_07-pep.fasta,NCBI-Human-ASM2283312v2-Celera2005.fasta,2691871,2704638,2157496,3239013,0.66609674
Pangenome-HPRC-Human-GCA_018505835.1-Pakistan-2022_07-pep.fasta,NCBI-Human-Hopkins2022-06-Ash1_v2.2.fasta,2691871,2680272,2525707,2846436,0.88732260
Pangenome-HPRC-Human-GCA_018505835.1-Pakistan-2022_07-pep.fasta,NCBI-RefSeq-Human-GRCh38.p14-GCF_000001405.40-2022-02-03.fasta,2691871,2724291,2380593,3035569,0.78423287
Pangenome-HPRC-Human-GCA_018505835.1-Pakistan-2022_07-pep.fasta,NCBI_RefSeq-Human-T2T-CHM13v2.0-T2T-GCF_009914755.1-2022-01-24.fasta,2691871,2733913,2386108,3039676,0.78498761
Pangenome-HPRC-Human-GCA_018505835.1-Pakistan-2022_07-pep.fasta,Pangenome-HPRC-Human-GCA_018466835.1-Barbados-2022_07-pep.fasta,2691871,2784679,2634321,2842229,0.92685037
Pangenome-HPRC-Human-GCA_018505835.1-Pakistan-2022_07-pep.fasta,Pangenome-HPRC-Human-GCA_018469405.1-Columbia-2022_07-pep.fasta,2691871,2783441,2640585,2834727,0.93151298
Pangenome-HPRC-Human-GCA_018505835.1-Pakistan-2022_07-pep.fasta,Pangenome-HPRC-Human-GCA_018469415.1-Nigeria-2022_07-pep.fasta,2691871,2784252,2633189,2842934,0.92622235
Pangenome-HPRC-Human-GCA_018505835.1-Pakistan-2022_07-pep.fasta,Pangenome-HPRC-Human-GCA_018472565.1-HanChineseSouth-2022_08-pep.fasta,2691871,2787238,2643690,2835419,0.93238072
Pangenome-HPRC-Human-GCA_018505835.1-Pakistan-2022_07-pep.fasta,Pangenome-HPRC-Human-GCA_018504055.1-Vietnam-2022_07-pep.fasta,2691871,2783481,2641176,2834176,0.93190261
Pangenome-HPRC-Human-GCA_018505835.1-Pakistan-2022_07-pep.fasta,Pangenome-HPRC-Human-GCA_018504625.1-swUSA-2022_07-pep.fasta,2691871,2785067,2635432,2841506,0.92747719
Pangenome-HPRC-Human-GCA_018505835.1-Pakistan-2022_07-pep.fasta,Pangenome-HPRC-Human-GCA_018505835.1-Pakistan-2022_07-pep.fasta,2691871,2691871,2691871,2691871,1.00000000
Pangenome-HPRC-Human-GCA_018505835.1-Pakistan-2022_07-pep.fasta,Pangenome-HPRC-Human-GCA_018852605.1-Caucasian-2022_07-pep.fasta,2691871,2694256,2647804,2738323,0.96694364
Pangenome-HPRC-Human-GCA_018505835.1-Pakistan-2022_07-pep.fasta,UniProt-Human-UP000005640_canonical-2023_05.fasta,2691871,2402417,2238485,2855803,0.78383733
Pangenome-HPRC-Human-GCA_018505835.1-Pakistan-2022_07-pep.fasta,UniProt_Human_9606_SP-Tr-2023_05.fasta,2691871,3471747,2594110,3569508,0.72674161
Pangenome-HPRC-Human-GCA_018505835.1-Pakistan-2022_07-pep.fasta,UniProt_Human_9606_SP-iso_2023_05.fasta,2691871,2542314,2340604,2893581,0.80889528
Pangenome-HPRC-Human-GCA_018505835.1-Pakistan-2022_07-pep.fasta,UniProt_Human_9606_SP_2023_05.fasta,2691871,2400476,2237234,2855113,0.78358860
Pangenome-HPRC-Human-GCA_018505835.1-Pakistan-2022_07-pep.fasta,UniProt_Human_UP000005640_All_2023_05.fasta,2691871,2794482,2571819,2914534,0.88241173
Pangenome-HPRC-Human-GCA_018505835.1-Pakistan-2022_07-pep.fasta,nextprot_Human-all-peff-2023-09-11.fasta,2691871,2540277,2339556,2892592,0.80880954
Pangenome-HPRC-Human-GCA_018852605.1-Caucasian-2022_07-pep.fasta,Ensembl-Human-GRCh37.pep.all.fasta,2694256,2759262,2539065,2914453,0.87119779
Pangenome-HPRC-Human-GCA_018852605.1-Caucasian-2022_07-pep.fasta,Ensembl-Human-GRCh38.pep.all.fasta,2694256,2828515,2638463,2884308,0.91476465
Pangenome-HPRC-Human-GCA_018852605.1-Caucasian-2022_07-pep.fasta,Ensembl-Human-T2T_GCA_009914755.4-2022_07-pep.fasta,2694256,2792073,2655504,2830825,0.93806717
Pangenome-HPRC-Human-GCA_018852605.1-Caucasian-2022_07-pep.fasta,NCBI-Human-ASM2283312v2-Celera2005.fasta,2694256,2704638,2162536,3236358,0.66820049
Pangenome-HPRC-Human-GCA_018852605.1-Caucasian-2022_07-pep.fasta,NCBI-Human-Hopkins2022-06-Ash1_v2.2.fasta,2694256,2680272,2535322,2839206,0.89296867
Pangenome-HPRC-Human-GCA_018852605.1-Caucasian-2022_07-pep.fasta,NCBI-RefSeq-Human-GRCh38.p14-GCF_000001405.40-2022-02-03.fasta,2694256,2724291,2385496,3033051,0.78650046
Pangenome-HPRC-Human-GCA_018852605.1-Caucasian-2022_07-pep.fasta,NCBI_RefSeq-Human-T2T-CHM13v2.0-T2T-GCF_009914755.1-2022-01-24.fasta,2694256,2733913,2391381,3036788,0.78747051
Pangenome-HPRC-Human-GCA_018852605.1-Caucasian-2022_07-pep.fasta,Pangenome-HPRC-Human-GCA_018466835.1-Barbados-2022_07-pep.fasta,2694256,2784679,2636919,2842016,0.92783397
Pangenome-HPRC-Human-GCA_018852605.1-Caucasian-2022_07-pep.fasta,Pangenome-HPRC-Human-GCA_018469405.1-Columbia-2022_07-pep.fasta,2694256,2783441,2644424,2833273,0.93334599
Pangenome-HPRC-Human-GCA_018852605.1-Caucasian-2022_07-pep.fasta,Pangenome-HPRC-Human-GCA_018469415.1-Nigeria-2022_07-pep.fasta,2694256,2784252,2636505,2842003,0.92769255
Pangenome-HPRC-Human-GCA_018852605.1-Caucasian-2022_07-pep.fasta,Pangenome-HPRC-Human-GCA_018472565.1-HanChineseSouth-2022_08-pep.fasta,2694256,2787238,2646418,2835076,0.93345575
Pangenome-HPRC-Human-GCA_018852605.1-Caucasian-2022_07-pep.fasta,Pangenome-HPRC-Human-GCA_018504055.1-Vietnam-2022_07-pep.fasta,2694256,2783481,2642529,2835208,0.93204061
Pangenome-HPRC-Human-GCA_018852605.1-Caucasian-2022_07-pep.fasta,Pangenome-HPRC-Human-GCA_018504625.1-swUSA-2022_07-pep.fasta,2694256,2785067,2637368,2841955,0.92801188
Pangenome-HPRC-Human-GCA_018852605.1-Caucasian-2022_07-pep.fasta,Pangenome-HPRC-Human-GCA_018505835.1-Pakistan-2022_07-pep.fasta,2694256,2691871,2647804,2738323,0.96694364
Pangenome-HPRC-Human-GCA_018852605.1-Caucasian-2022_07-pep.fasta,Pangenome-HPRC-Human-GCA_018852605.1-Caucasian-2022_07-pep.fasta,2694256,2694256,2694256,2694256,1.00000000
Pangenome-HPRC-Human-GCA_018852605.1-Caucasian-2022_07-pep.fasta,UniProt-Human-UP000005640_canonical-2023_05.fasta,2694256,2402417,2243122,2853551,0.78608092
Pangenome-HPRC-Human-GCA_018852605.1-Caucasian-2022_07-pep.fasta,UniProt_Human_9606_SP-Tr-2023_05.fasta,2694256,3471747,2599123,3566880,0.72868249
Pangenome-HPRC-Human-GCA_018852605.1-Caucasian-2022_07-pep.fasta,UniProt_Human_9606_SP-iso_2023_05.fasta,2694256,2542314,2345268,2891302,0.81114598
Pangenome-HPRC-Human-GCA_018852605.1-Caucasian-2022_07-pep.fasta,UniProt_Human_9606_SP_2023_05.fasta,2694256,2400476,2241845,2852887,0.78581626
Pangenome-HPRC-Human-GCA_018852605.1-Caucasian-2022_07-pep.fasta,UniProt_Human_UP000005640_All_2023_05.fasta,2694256,2794482,2577033,2911705,0.88505978
Pangenome-HPRC-Human-GCA_018852605.1-Caucasian-2022_07-pep.fasta,nextprot_Human-all-peff-2023-09-11.fasta,2694256,2540277,2344170,2890363,0.81102962
UniProt-Human-UP000005640_canonical-2023_05.fasta,Ensembl-Human-GRCh37.pep.all.fasta,2402417,2759262,2345693,2815986,0.83299171
UniProt-Human-UP000005640_canonical-2023_05.fasta,Ensembl-Human-GRCh38.pep.all.fasta,2402417,2828515,2366126,2864806,0.82592888
UniProt-Human-UP000005640_canonical-2023_05.fasta,Ensembl-Human-T2T_GCA_009914755.4-2022_07-pep.fasta,2402417,2792073,2327694,2866796,0.81194965
UniProt-Human-UP000005640_canonical-2023_05.fasta,NCBI-Human-ASM2283312v2-Celera2005.fasta,2402417,2704638,2180110,2926945,0.74484146
UniProt-Human-UP000005640_canonical-2023_05.fasta,NCBI-Human-Hopkins2022-06-Ash1_v2.2.fasta,2402417,2680272,2307515,2775174,0.83148480
UniProt-Human-UP000005640_canonical-2023_05.fasta,NCBI-RefSeq-Human-GRCh38.p14-GCF_000001405.40-2022-02-03.fasta,2402417,2724291,2358134,2768574,0.85175040
UniProt-Human-UP000005640_canonical-2023_05.fasta,NCBI_RefSeq-Human-T2T-CHM13v2.0-T2T-GCF_009914755.1-2022-01-24.fasta,2402417,2733913,2354250,2782080,0.84621938
UniProt-Human-UP000005640_canonical-2023_05.fasta,Pangenome-HPRC-Human-GCA_018466835.1-Barbados-2022_07-pep.fasta,2402417,2784679,2314875,2872221,0.80595295
UniProt-Human-UP000005640_canonical-2023_05.fasta,Pangenome-HPRC-Human-GCA_018469405.1-Columbia-2022_07-pep.fasta,2402417,2783441,2319188,2866670,0.80901813
UniProt-Human-UP000005640_canonical-2023_05.fasta,Pangenome-HPRC-Human-GCA_018469415.1-Nigeria-2022_07-pep.fasta,2402417,2784252,2315518,2871151,0.80647726
UniProt-Human-UP000005640_canonical-2023_05.fasta,Pangenome-HPRC-Human-GCA_018472565.1-HanChineseSouth-2022_08-pep.fasta,2402417,2787238,2320351,2869304,0.80868078
UniProt-Human-UP000005640_canonical-2023_05.fasta,Pangenome-HPRC-Human-GCA_018504055.1-Vietnam-2022_07-pep.fasta,2402417,2783481,2317902,2867996,0.80819569
UniProt-Human-UP000005640_canonical-2023_05.fasta,Pangenome-HPRC-Human-GCA_018504625.1-swUSA-2022_07-pep.fasta,2402417,2785067,2315677,2871807,0.80634841
UniProt-Human-UP000005640_canonical-2023_05.fasta,Pangenome-HPRC-Human-GCA_018505835.1-Pakistan-2022_07-pep.fasta,2402417,2691871,2238485,2855803,0.78383733
UniProt-Human-UP000005640_canonical-2023_05.fasta,Pangenome-HPRC-Human-GCA_018852605.1-Caucasian-2022_07-pep.fasta,2402417,2694256,2243122,2853551,0.78608092
UniProt-Human-UP000005640_canonical-2023_05.fasta,UniProt-Human-UP000005640_canonical-2023_05.fasta,2402417,2402417,2402417,2402417,1.00000000
UniProt-Human-UP000005640_canonical-2023_05.fasta,UniProt_Human_9606_SP-Tr-2023_05.fasta,2402417,3471747,2402417,3471747,0.69199080
UniProt-Human-UP000005640_canonical-2023_05.fasta,UniProt_Human_9606_SP-iso_2023_05.fasta,2402417,2542314,2398374,2546357,0.94188443
UniProt-Human-UP000005640_canonical-2023_05.fasta,UniProt_Human_9606_SP_2023_05.fasta,2402417,2400476,2398345,2404548,0.99742031
UniProt-Human-UP000005640_canonical-2023_05.fasta,UniProt_Human_UP000005640_All_2023_05.fasta,2402417,2794482,2402417,2794482,0.85970030
UniProt-Human-UP000005640_canonical-2023_05.fasta,nextprot_Human-all-peff-2023-09-11.fasta,2402417,2540277,2396007,2546687,0.94083293
UniProt_Human_9606_SP-Tr-2023_05.fasta,Ensembl-Human-GRCh37.pep.all.fasta,3471747,2759262,2650210,3580799,0.74011694
UniProt_Human_9606_SP-Tr-2023_05.fasta,Ensembl-Human-GRCh38.pep.all.fasta,3471747,2828515,2765922,3534340,0.78258515
UniProt_Human_9606_SP-Tr-2023_05.fasta,Ensembl-Human-T2T_GCA_009914755.4-2022_07-pep.fasta,3471747,2792073,2693386,3570434,0.75435815
UniProt_Human_9606_SP-Tr-2023_05.fasta,NCBI-Human-ASM2283312v2-Celera2005.fasta,3471747,2704638,2276389,3899996,0.58369009
UniProt_Human_9606_SP-Tr-2023_05.fasta,NCBI-Human-Hopkins2022-06-Ash1_v2.2.fasta,3471747,2680272,2581652,3570367,0.72307749
UniProt_Human_9606_SP-Tr-2023_05.fasta,NCBI-RefSeq-Human-GRCh38.p14-GCF_000001405.40-2022-02-03.fasta,3471747,2724291,2492423,3703615,0.67297033
UniProt_Human_9606_SP-Tr-2023_05.fasta,NCBI_RefSeq-Human-T2T-CHM13v2.0-T2T-GCF_009914755.1-2022-01-24.fasta,3471747,2733913,2492277,3713383,0.67116077
UniProt_Human_9606_SP-Tr-2023_05.fasta,Pangenome-HPRC-Human-GCA_018466835.1-Barbados-2022_07-pep.fasta,3471747,2784679,2677011,3579415,0.74789065
UniProt_Human_9606_SP-Tr-2023_05.fasta,Pangenome-HPRC-Human-GCA_018469405.1-Columbia-2022_07-pep.fasta,3471747,2783441,2683010,3572178,0.75108519
UniProt_Human_9606_SP-Tr-2023_05.fasta,Pangenome-HPRC-Human-GCA_018469415.1-Nigeria-2022_07-pep.fasta,3471747,2784252,2677873,3578126,0.74840098
UniProt_Human_9606_SP-Tr-2023_05.fasta,Pangenome-HPRC-Human-GCA_018472565.1-HanChineseSouth-2022_08-pep.fasta,3471747,2787238,2685530,3573455,0.75152199
UniProt_Human_9606_SP-Tr-2023_05.fasta,Pangenome-HPRC-Human-GCA_018504055.1-Vietnam-2022_07-pep.fasta,3471747,2783481,2681455,3573773,0.75031486
UniProt_Human_9606_SP-Tr-2023_05.fasta,Pangenome-HPRC-Human-GCA_018504625.1-swUSA-2022_07-pep.fasta,3471747,2785067,2678208,3578606,0.74839421
UniProt_Human_9606_SP-Tr-2023_05.fasta,Pangenome-HPRC-Human-GCA_018505835.1-Pakistan-2022_07-pep.fasta,3471747,2691871,2594110,3569508,0.72674161
UniProt_Human_9606_SP-Tr-2023_05.fasta,Pangenome-HPRC-Human-GCA_018852605.1-Caucasian-2022_07-pep.fasta,3471747,2694256,2599123,3566880,0.72868249
UniProt_Human_9606_SP-Tr-2023_05.fasta,UniProt-Human-UP000005640_canonical-2023_05.fasta,3471747,2402417,2402417,3471747,0.69199080
UniProt_Human_9606_SP-Tr-2023_05.fasta,UniProt_Human_9606_SP-Tr-2023_05.fasta,3471747,3471747,3471747,3471747,1.00000000
UniProt_Human_9606_SP-Tr-2023_05.fasta,UniProt_Human_9606_SP-iso_2023_05.fasta,3471747,2542314,2453997,3560064,0.68931261
UniProt_Human_9606_SP-Tr-2023_05.fasta,UniProt_Human_9606_SP_2023_05.fasta,3471747,2400476,2400476,3471747,0.69143172
UniProt_Human_9606_SP-Tr-2023_05.fasta,UniProt_Human_UP000005640_All_2023_05.fasta,3471747,2794482,2794482,3471747,0.80492098
UniProt_Human_9606_SP-Tr-2023_05.fasta,nextprot_Human-all-peff-2023-09-11.fasta,3471747,2540277,2451336,3560688,0.68844448
UniProt_Human_9606_SP-iso_2023_05.fasta,Ensembl-Human-GRCh37.pep.all.fasta,2542314,2759262,2461283,2840293,0.86655954
UniProt_Human_9606_SP-iso_2023_05.fasta,Ensembl-Human-GRCh38.pep.all.fasta,2542314,2828515,2472402,2898427,0.85301510
UniProt_Human_9606_SP-iso_2023_05.fasta,Ensembl-Human-T2T_GCA_009914755.4-2022_07-pep.fasta,2542314,2792073,2433303,2901084,0.83875648
UniProt_Human_9606_SP-iso_2023_05.fasta,NCBI-Human-ASM2283312v2-Celera2005.fasta,2542314,2704638,2245969,3000983,0.74841110
UniProt_Human_9606_SP-iso_2023_05.fasta,NCBI-Human-Hopkins2022-06-Ash1_v2.2.fasta,2542314,2680272,2411700,2810886,0.85798570
UniProt_Human_9606_SP-iso_2023_05.fasta,NCBI-RefSeq-Human-GRCh38.p14-GCF_000001405.40-2022-02-03.fasta,2542314,2724291,2453170,2813435,0.87194835
UniProt_Human_9606_SP-iso_2023_05.fasta,NCBI_RefSeq-Human-T2T-CHM13v2.0-T2T-GCF_009914755.1-2022-01-24.fasta,2542314,2733913,2449096,2827131,0.86628317
UniProt_Human_9606_SP-iso_2023_05.fasta,Pangenome-HPRC-Human-GCA_018466835.1-Barbados-2022_07-pep.fasta,2542314,2784679,2419822,2907171,0.83236315
UniProt_Human_9606_SP-iso_2023_05.fasta,Pangenome-HPRC-Human-GCA_018469405.1-Columbia-2022_07-pep.fasta,2542314,2783441,2424383,2901372,0.83559881
UniProt_Human_9606_SP-iso_2023_05.fasta,Pangenome-HPRC-Human-GCA_018469415.1-Nigeria-2022_07-pep.fasta,2542314,2784252,2420371,2906195,0.83283159
UniProt_Human_9606_SP-iso_2023_05.fasta,Pangenome-HPRC-Human-GCA_018472565.1-HanChineseSouth-2022_08-pep.fasta,2542314,2787238,2425813,2903739,0.83541014
UniProt_Human_9606_SP-iso_2023_05.fasta,Pangenome-HPRC-Human-GCA_018504055.1-Vietnam-2022_07-pep.fasta,2542314,2783481,2423022,2902773,0.83472666
UniProt_Human_9606_SP-iso_2023_05.fasta,Pangenome-HPRC-Human-GCA_018504625.1-swUSA-2022_07-pep.fasta,2542314,2785067,2420468,2906913,0.83265925
UniProt_Human_9606_SP-iso_2023_05.fasta,Pangenome-HPRC-Human-GCA_018505835.1-Pakistan-2022_07-pep.fasta,2542314,2691871,2340604,2893581,0.80889528
UniProt_Human_9606_SP-iso_2023_05.fasta,Pangenome-HPRC-Human-GCA_018852605.1-Caucasian-2022_07-pep.fasta,2542314,2694256,2345268,2891302,0.81114598
UniProt_Human_9606_SP-iso_2023_05.fasta,UniProt-Human-UP000005640_canonical-2023_05.fasta,2542314,2402417,2398374,2546357,0.94188443
UniProt_Human_9606_SP-iso_2023_05.fasta,UniProt_Human_9606_SP-Tr-2023_05.fasta,2542314,3471747,2453997,3560064,0.68931261
UniProt_Human_9606_SP-iso_2023_05.fasta,UniProt_Human_9606_SP-iso_2023_05.fasta,2542314,2542314,2542314,2542314,1.00000000
UniProt_Human_9606_SP-iso_2023_05.fasta,UniProt_Human_9606_SP_2023_05.fasta,2542314,2400476,2400476,2542314,0.94420909
UniProt_Human_9606_SP-iso_2023_05.fasta,UniProt_Human_UP000005640_All_2023_05.fasta,2542314,2794482,2440720,2896076,0.84276794
UniProt_Human_9606_SP-iso_2023_05.fasta,nextprot_Human-all-peff-2023-09-11.fasta,2542314,2540277,2539389,2543202,0.99850071
UniProt_Human_9606_SP_2023_05.fasta,Ensembl-Human-GRCh37.pep.all.fasta,2400476,2759262,2345387,2814351,0.83336691
UniProt_Human_9606_SP_2023_05.fasta,Ensembl-Human-GRCh38.pep.all.fasta,2400476,2828515,2363300,2865691,0.82468766
UniProt_Human_9606_SP_2023_05.fasta,Ensembl-Human-T2T_GCA_009914755.4-2022_07-pep.fasta,2400476,2792073,2326259,2866290,0.81159234
UniProt_Human_9606_SP_2023_05.fasta,NCBI-Human-ASM2283312v2-Celera2005.fasta,2400476,2704638,2180112,2925002,0.74533693
UniProt_Human_9606_SP_2023_05.fasta,NCBI-Human-Hopkins2022-06-Ash1_v2.2.fasta,2400476,2680272,2306909,2773839,0.83166651
UniProt_Human_9606_SP_2023_05.fasta,NCBI-RefSeq-Human-GRCh38.p14-GCF_000001405.40-2022-02-03.fasta,2400476,2724291,2357207,2767560,0.85172751
UniProt_Human_9606_SP_2023_05.fasta,NCBI_RefSeq-Human-T2T-CHM13v2.0-T2T-GCF_009914755.1-2022-01-24.fasta,2400476,2733913,2353405,2780984,0.84624903
UniProt_Human_9606_SP_2023_05.fasta,Pangenome-HPRC-Human-GCA_018466835.1-Barbados-2022_07-pep.fasta,2400476,2784679,2313445,2871710,0.80559841
UniProt_Human_9606_SP_2023_05.fasta,Pangenome-HPRC-Human-GCA_018469405.1-Columbia-2022_07-pep.fasta,2400476,2783441,2317753,2866164,0.80866029
UniProt_Human_9606_SP_2023_05.fasta,Pangenome-HPRC-Human-GCA_018469415.1-Nigeria-2022_07-pep.fasta,2400476,2784252,2314077,2870651,0.80611576
UniProt_Human_9606_SP_2023_05.fasta,Pangenome-HPRC-Human-GCA_018472565.1-HanChineseSouth-2022_08-pep.fasta,2400476,2787238,2318914,2868800,0.80832195
UniProt_Human_9606_SP_2023_05.fasta,Pangenome-HPRC-Human-GCA_018504055.1-Vietnam-2022_07-pep.fasta,2400476,2783481,2316496,2867461,0.80785615
UniProt_Human_9606_SP_2023_05.fasta,Pangenome-HPRC-Human-GCA_018504625.1-swUSA-2022_07-pep.fasta,2400476,2785067,2314236,2871307,0.80598696
UniProt_Human_9606_SP_2023_05.fasta,Pangenome-HPRC-Human-GCA_018505835.1-Pakistan-2022_07-pep.fasta,2400476,2691871,2237234,2855113,0.78358860
UniProt_Human_9606_SP_2023_05.fasta,Pangenome-HPRC-Human-GCA_018852605.1-Caucasian-2022_07-pep.fasta,2400476,2694256,2241845,2852887,0.78581626
UniProt_Human_9606_SP_2023_05.fasta,UniProt-Human-UP000005640_canonical-2023_05.fasta,2400476,2402417,2398345,2404548,0.99742031
UniProt_Human_9606_SP_2023_05.fasta,UniProt_Human_9606_SP-Tr-2023_05.fasta,2400476,3471747,2400476,3471747,0.69143172
UniProt_Human_9606_SP_2023_05.fasta,UniProt_Human_9606_SP-iso_2023_05.fasta,2400476,2542314,2400476,2542314,0.94420909
UniProt_Human_9606_SP_2023_05.fasta,UniProt_Human_9606_SP_2023_05.fasta,2400476,2400476,2400476,2400476,1.00000000
UniProt_Human_9606_SP_2023_05.fasta,UniProt_Human_UP000005640_All_2023_05.fasta,2400476,2794482,2400206,2794752,0.85882611
UniProt_Human_9606_SP_2023_05.fasta,nextprot_Human-all-peff-2023-09-11.fasta,2400476,2540277,2397819,2542934,0.94293403
UniProt_Human_UP000005640_All_2023_05.fasta,Ensembl-Human-GRCh37.pep.all.fasta,2794482,2759262,2616979,2936765,0.89110944
UniProt_Human_UP000005640_All_2023_05.fasta,Ensembl-Human-GRCh38.pep.all.fasta,2794482,2828515,2754044,2868953,0.95994741
UniProt_Human_UP000005640_All_2023_05.fasta,Ensembl-Human-T2T_GCA_009914755.4-2022_07-pep.fasta,2794482,2792073,2670402,2916153,0.91572767
UniProt_Human_UP000005640_All_2023_05.fasta,NCBI-Human-ASM2283312v2-Celera2005.fasta,2794482,2704638,2235006,3264114,0.68472057
UniProt_Human_UP000005640_All_2023_05.fasta,NCBI-Human-Hopkins2022-06-Ash1_v2.2.fasta,2794482,2680272,2558467,2916287,0.87730289
UniProt_Human_UP000005640_All_2023_05.fasta,NCBI-RefSeq-Human-GRCh38.p14-GCF_000001405.40-2022-02-03.fasta,2794482,2724291,2467608,3051165,0.80874289
UniProt_Human_UP000005640_All_2023_05.fasta,NCBI_RefSeq-Human-T2T-CHM13v2.0-T2T-GCF_009914755.1-2022-01-24.fasta,2794482,2733913,2462086,3066309,0.80294778
UniProt_Human_UP000005640_All_2023_05.fasta,Pangenome-HPRC-Human-GCA_018466835.1-Barbados-2022_07-pep.fasta,2794482,2784679,2654864,2924297,0.90786401
UniProt_Human_UP000005640_All_2023_05.fasta,Pangenome-HPRC-Human-GCA_018469405.1-Columbia-2022_07-pep.fasta,2794482,2783441,2660327,2917596,0.91182158
UniProt_Human_UP000005640_All_2023_05.fasta,Pangenome-HPRC-Human-GCA_018469415.1-Nigeria-2022_07-pep.fasta,2794482,2784252,2655355,2923379,0.90831705
UniProt_Human_UP000005640_All_2023_05.fasta,Pangenome-HPRC-Human-GCA_018472565.1-HanChineseSouth-2022_08-pep.fasta,2794482,2787238,2662204,2919516,0.91186484
UniProt_Human_UP000005640_All_2023_05.fasta,Pangenome-HPRC-Human-GCA_018504055.1-Vietnam-2022_07-pep.fasta,2794482,2783481,2658703,2919260,0.91074553
UniProt_Human_UP000005640_All_2023_05.fasta,Pangenome-HPRC-Human-GCA_018504625.1-swUSA-2022_07-pep.fasta,2794482,2785067,2655809,2923740,0.90836018
UniProt_Human_UP000005640_All_2023_05.fasta,Pangenome-HPRC-Human-GCA_018505835.1-Pakistan-2022_07-pep.fasta,2794482,2691871,2571819,2914534,0.88241173
UniProt_Human_UP000005640_All_2023_05.fasta,Pangenome-HPRC-Human-GCA_018852605.1-Caucasian-2022_07-pep.fasta,2794482,2694256,2577033,2911705,0.88505978
UniProt_Human_UP000005640_All_2023_05.fasta,UniProt-Human-UP000005640_canonical-2023_05.fasta,2794482,2402417,2402417,2794482,0.85970030
UniProt_Human_UP000005640_All_2023_05.fasta,UniProt_Human_9606_SP-Tr-2023_05.fasta,2794482,3471747,2794482,3471747,0.80492098
UniProt_Human_UP000005640_All_2023_05.fasta,UniProt_Human_9606_SP-iso_2023_05.fasta,2794482,2542314,2440720,2896076,0.84276794
UniProt_Human_UP000005640_All_2023_05.fasta,UniProt_Human_9606_SP_2023_05.fasta,2794482,2400476,2400206,2794752,0.85882611
UniProt_Human_UP000005640_All_2023_05.fasta,UniProt_Human_UP000005640_All_2023_05.fasta,2794482,2794482,2794482,2794482,1.00000000
UniProt_Human_UP000005640_All_2023_05.fasta,nextprot_Human-all-peff-2023-09-11.fasta,2794482,2540277,2438236,2896523,0.84178030
nextprot_Human-all-peff-2023-09-11.fasta,Ensembl-Human-GRCh37.pep.all.fasta,2540277,2759262,2461266,2838273,0.86717028
nextprot_Human-all-peff-2023-09-11.fasta,Ensembl-Human-GRCh38.pep.all.fasta,2540277,2828515,2470329,2898463,0.85228930
nextprot_Human-all-peff-2023-09-11.fasta,Ensembl-Human-T2T_GCA_009914755.4-2022_07-pep.fasta,2540277,2792073,2431458,2900892,0.83817598
nextprot_Human-all-peff-2023-09-11.fasta,NCBI-Human-ASM2283312v2-Celera2005.fasta,2540277,2704638,2245765,2999150,0.74880049
nextprot_Human-all-peff-2023-09-11.fasta,NCBI-Human-Hopkins2022-06-Ash1_v2.2.fasta,2540277,2680272,2410659,2809890,0.85791935
nextprot_Human-all-peff-2023-09-11.fasta,NCBI-RefSeq-Human-GRCh38.p14-GCF_000001405.40-2022-02-03.fasta,2540277,2724291,2451068,2813500,0.87118109
nextprot_Human-all-peff-2023-09-11.fasta,NCBI_RefSeq-Human-T2T-CHM13v2.0-T2T-GCF_009914755.1-2022-01-24.fasta,2540277,2733913,2446927,2827263,0.86547555
nextprot_Human-all-peff-2023-09-11.fasta,Pangenome-HPRC-Human-GCA_018466835.1-Barbados-2022_07-pep.fasta,2540277,2784679,2418002,2906954,0.83179920
nextprot_Human-all-peff-2023-09-11.fasta,Pangenome-HPRC-Human-GCA_018469405.1-Columbia-2022_07-pep.fasta,2540277,2783441,2422631,2901087,0.83507699
nextprot_Human-all-peff-2023-09-11.fasta,Pangenome-HPRC-Human-GCA_018469415.1-Nigeria-2022_07-pep.fasta,2540277,2784252,2418580,2905949,0.83228577
nextprot_Human-all-peff-2023-09-11.fasta,Pangenome-HPRC-Human-GCA_018472565.1-HanChineseSouth-2022_08-pep.fasta,2540277,2787238,2424024,2903491,0.83486534
nextprot_Human-all-peff-2023-09-11.fasta,Pangenome-HPRC-Human-GCA_018504055.1-Vietnam-2022_07-pep.fasta,2540277,2783481,2421243,2902515,0.83418794
nextprot_Human-all-peff-2023-09-11.fasta,Pangenome-HPRC-Human-GCA_018504625.1-swUSA-2022_07-pep.fasta,2540277,2785067,2418701,2906643,0.83212868
nextprot_Human-all-peff-2023-09-11.fasta,Pangenome-HPRC-Human-GCA_018505835.1-Pakistan-2022_07-pep.fasta,2540277,2691871,2339556,2892592,0.80880954
nextprot_Human-all-peff-2023-09-11.fasta,Pangenome-HPRC-Human-GCA_018852605.1-Caucasian-2022_07-pep.fasta,2540277,2694256,2344170,2890363,0.81102962
nextprot_Human-all-peff-2023-09-11.fasta,UniProt-Human-UP000005640_canonical-2023_05.fasta,2540277,2402417,2396007,2546687,0.94083293
nextprot_Human-all-peff-2023-09-11.fasta,UniProt_Human_9606_SP-Tr-2023_05.fasta,2540277,3471747,2451336,3560688,0.68844448
nextprot_Human-all-peff-2023-09-11.fasta,UniProt_Human_9606_SP-iso_2023_05.fasta,2540277,2542314,2539389,2543202,0.99850071
nextprot_Human-all-peff-2023-09-11.fasta,UniProt_Human_9606_SP_2023_05.fasta,2540277,2400476,2397819,2542934,0.94293403
nextprot_Human-all-peff-2023-09-11.fasta,UniProt_Human_UP000005640_All_2023_05.fasta,2540277,2794482,2438236,2896523,0.84178030
nextprot_Human-all-peff-2023-09-11.fasta,nextprot_Human-all-peff-2023-09-11.fasta,2540277,2540277,2540277,2540277,1.00000000
